net,length_um
net11,1457.325
tree_instances\[0\].u_tree.rst_n,1376.225
net10,1340.88
net9,1233.535
net13,1158.19
net12,930.395
_1575_,574.8
_1666_,482.16
clknet_0_clk,462.74
_1168_,433.355
_1192_,385.04
_1124_,384.62
_0682_,383.1
_0694_,371.215
_0925_,361.735
_1162_,355.5
_0655_,354.885
_0654_,352.06
_0645_,348.5
_0696_,347.96
_0733_,336.01
_0658_,335.245
_0665_,327.14
_0657_,327.065
clknet_3_0__leaf_clk,326.02
_0697_,323.525
clknet_3_2__leaf_clk,312.44
_1165_,309.48
_0675_,305.63
clknet_3_6__leaf_clk,301.35
_0726_,299.97
_0691_,294.755
_0646_,290.015
clknet_3_1__leaf_clk,288.43
clknet_3_7__leaf_clk,287.6
_0653_,279.22
_0662_,273.04
_0673_,266.28
_0000_,264.17
_0647_,262.74
_0714_,262.51
_0648_,261.49
clknet_3_3__leaf_clk,257.97
_0672_,251.93
_0686_,251.5
_1574_,251.5
_0690_,243.08
clknet_3_5__leaf_clk,242.87
_0702_,241.03
_0661_,236.9
_0674_,236.87
_0651_,235.59
_0678_,233.44
tree_instances\[0\].u_tree.frame_id_in\[4\],226.28
net1,221.13
_0664_,217.84
_0704_,216.28
clknet_3_4__leaf_clk,211.92
_0685_,198.34
net8,192.68
_1908_,191.325
_0026_,176.455
_1548_,174.87
_0012_,170.04
_0660_,168.52
_0689_,164.8
_0650_,164.585
_0042_,162.03
_1889_,155.355
_0695_,138.115
_0649_,136.2
clknet_leaf_17_clk,135.62
_1827_,130.965
clknet_leaf_44_clk,129.28
net6,122.775
_0610_,120.68
_1770_,119.915
_1936_,119.2
clknet_leaf_4_clk,115.7
clknet_leaf_20_clk,115.36
_0018_,115.22
_1552_,115.04
clknet_leaf_63_clk,112.07
clknet_leaf_46_clk,109.52
tree_instances\[17\].u_tree.ready_for_next,108.81
_0004_,108.54
clk,107.7
tree_instances\[7\].u_tree.ready_for_next,107.05
clknet_leaf_62_clk,105.52
tree_instances\[13\].u_tree.ready_for_next,105.16
tree_instances\[20\].u_tree.frame_id_out\[4\],104.445
clknet_leaf_12_clk,104.2
_0038_,103.42
tree_instances\[7\].u_tree.tree_state\[3\],102.82
tree_instances\[1\].u_tree.tree_state\[3\],101.25
clknet_leaf_58_clk,100.64
clknet_leaf_36_clk,99.44
_0034_,98.44
_0022_,97.51
_1649_,97.195
clknet_leaf_6_clk,96.28
clknet_leaf_40_clk,95.94
_1832_,95.845
clknet_leaf_2_clk,95.68
net15,95.63
clknet_leaf_57_clk,95.58
_1750_,94.655
clknet_leaf_42_clk,94.2
_0010_,92.35
_1834_,92.105
_0040_,91.76
clknet_leaf_19_clk,91.74
_1891_,91.395
tree_instances\[5\].u_tree.frame_id_out\[4\],91.36
clknet_leaf_69_clk,89.88
clknet_leaf_0_clk,89.02
_1577_,88.745
tree_instances\[19\].u_tree.frame_id_out\[4\],88.4
_0032_,88.085
_1729_,87.92
_0008_,86.76
clknet_leaf_61_clk,86.38
_0036_,86.24
_1096_,86.14
_0712_,86.11
_1668_,85.625
_1872_,85.62
_0014_,85.54
_0024_,85.4
clknet_leaf_8_clk,84.94
clknet_leaf_9_clk,84.86
_1595_,84.765
clknet_leaf_51_clk,84.64
_0030_,84.52
clknet_leaf_49_clk,84.18
clknet_leaf_13_clk,83.64
clknet_leaf_67_clk,83.59
_0028_,83.16
clknet_leaf_41_clk,82.94
_1579_,82.725
_0016_,82.52
clknet_leaf_22_clk,82.12
_0006_,82.07
clknet_leaf_31_clk,81.71
_1793_,81.66
clknet_leaf_56_clk,81.46
clknet_leaf_50_clk,80.72
clknet_leaf_45_clk,80.34
_0808_,80.02
clknet_leaf_53_clk,79.9
_0996_,79.63
_1670_,78.95
clknet_leaf_55_clk,78.64
_0936_,78.63
tree_instances\[19\].u_tree.ready_for_next,78.56
_0782_,78.23
_1399_,78.12
clknet_leaf_7_clk,77.2
_1597_,76.755
_1332_,76.58
_1646_,76.02
tree_instances\[4\].u_tree.frame_id_out\[4\],75.42
_1294_,75.14
_1970_,75.035
tree_instances\[6\].u_tree.ready_for_next,74.97
_1209_,74.95
_0002_,73.38
_1376_,73.32
_1255_,73.3
tree_instances\[14\].u_tree.frame_id_out\[4\],73.28
_1444_,72.72
clknet_leaf_11_clk,72
_1524_,71.795
clknet_leaf_5_clk,71.74
_0703_,71.55
clknet_leaf_21_clk,71.06
_1398_,71.04
_1179_,70.4
clknet_leaf_43_clk,70.25
_0871_,70.235
clknet_leaf_71_clk,70.04
clknet_leaf_68_clk,69.94
clknet_leaf_32_clk,69.58
_0825_,69.5
tree_instances\[15\].u_tree.frame_id_out\[4\],68.62
clknet_leaf_18_clk,68.3
current_voting_frame\[0\],68.1
_1502_,67.9
_0882_,67.82
clknet_leaf_37_clk,67.79
_0912_,67.78
tree_instances\[3\].u_tree.ready_for_next,67.59
tree_instances\[3\].u_tree.frame_id_out\[4\],67.58
_1354_,66.06
_1054_,65.86
current_voting_frame\[3\],64
clknet_leaf_33_clk,63.88
_0721_,62.96
clknet_leaf_52_clk,62.9
clknet_leaf_14_clk,62.3
clknet_leaf_25_clk,62.14
clknet_leaf_10_clk,62.04
_0020_,62.02
tree_instances\[7\].u_tree.frame_id_out\[3\],61.87
tree_instances\[10\].u_tree.frame_id_out\[4\],61.86
tree_instances\[18\].u_tree.ready_for_next,61.53
_1232_,61.42
tree_instances\[12\].u_tree.ready_for_next,61.23
tree_instances\[9\].u_tree.tree_state\[3\],60.7
tree_instances\[1\].u_tree.frame_id_out\[4\],60.46
clknet_leaf_27_clk,60.4
clknet_leaf_35_clk,60.3
tree_instances\[4\].u_tree.frame_id_out\[0\],60.12
clknet_leaf_30_clk,59.66
tree_instances\[15\].u_tree.frame_id_out\[2\],59.28
tree_instances\[10\].u_tree.ready_for_next,59.27
tree_instances\[18\].u_tree.frame_id_out\[4\],59.04
tree_instances\[6\].u_tree.frame_id_out\[4\],58.77
clknet_leaf_66_clk,58.68
_0960_,58.2
tree_instances\[13\].u_tree.frame_id_out\[4\],57.56
tree_instances\[2\].u_tree.frame_id_out\[4\],57.46
_1478_,57.12
_1139_,56.96
_1029_,56.72
clknet_leaf_29_clk,56.56
_1644_,56.2
clknet_leaf_39_clk,55.64
state\[0\],54.96
clknet_leaf_28_clk,54.92
_0765_,54.88
clknet_leaf_16_clk,54.8
clknet_leaf_65_clk,54.62
net2,54.42
_0853_,54.02
clknet_leaf_54_clk,53.64
tree_instances\[16\].u_tree.frame_id_out\[4\],53.34
clknet_leaf_15_clk,52.94
tree_instances\[3\].u_tree.frame_id_out\[0\],52.78
_0667_,52.66
tree_instances\[11\].u_tree.frame_id_out\[4\],52.22
_0772_,51.96
clknet_leaf_24_clk,51.68
_1549_,51.42
clknet_leaf_48_clk,51.32
tree_instances\[15\].u_tree.frame_id_out\[0\],51.2
tree_instances\[5\].u_tree.frame_id_out\[3\],50.66
_0885_,50.19
tree_instances\[19\].u_tree.frame_id_out\[3\],49.5
clknet_leaf_1_clk,49.1
_1554_,48.76
clknet_leaf_3_clk,48.52
tree_instances\[17\].u_tree.frame_id_out\[4\],48.32
clknet_leaf_38_clk,48.24
tree_instances\[1\].u_tree.ready_for_next,46.86
tree_instances\[6\].u_tree.frame_id_out\[2\],46.6
clknet_leaf_23_clk,45.7
clknet_leaf_60_clk,45.48
_0773_,45.095
tree_instances\[19\].u_tree.frame_id_out\[1\],44.965
tree_instances\[4\].u_tree.frame_id_out\[1\],44.73
_0757_,44.08
tree_instances\[13\].u_tree.frame_id_out\[1\],43.34
_0671_,43.3
tree_instances\[1\].u_tree.frame_id_out\[0\],43.2
tree_instances\[15\].u_tree.ready_for_next,42.85
tree_instances\[7\].u_tree.frame_id_out\[4\],42.66
_0791_,41.76
tree_instances\[0\].u_tree.frame_id_out\[0\],41.62
_0843_,41.38
tree_instances\[4\].u_tree.frame_id_out\[3\],41.24
tree_instances\[16\].u_tree.frame_id_out\[1\],41.2
_0807_,40.94
tree_instances\[2\].u_tree.frame_id_out\[1\],40.76
_0764_,40.64
tree_instances\[3\].u_tree.frame_id_out\[1\],40.62
_1544_,40.44
clknet_leaf_59_clk,40.34
_0701_,40.22
_0720_,39.9
tree_instances\[9\].u_tree.frame_id_out\[4\],39.7
_1684_,39.3
tree_instances\[12\].u_tree.frame_id_out\[4\],39.3
_1627_,39.24
tree_instances\[16\].u_tree.frame_id_out\[3\],39.2
tree_instances\[2\].u_tree.frame_id_out\[0\],39.115
complete_votes\[3\],38.94
_0852_,38.765
tree_instances\[13\].u_tree.frame_id_out\[0\],38.34
_0911_,38.2
tree_instances\[5\].u_tree.frame_id_out\[2\],38.18
_0756_,37.98
tree_instances\[11\].u_tree.frame_id_out\[3\],37.78
clknet_leaf_70_clk,37.6
_1893_,37.56
clknet_leaf_26_clk,36.91
tree_instances\[13\].u_tree.frame_id_out\[3\],35.94
tree_instances\[18\].u_tree.frame_id_out\[1\],35.93
tree_instances\[0\].u_tree.frame_id_out\[3\],35.22
tree_instances\[10\].u_tree.frame_id_out\[3\],35.16
_0630_,34.26
tree_instances\[19\].u_tree.frame_id_out\[0\],34.26
tree_instances\[3\].u_tree.frame_id_out\[2\],34.04
tree_instances\[4\].u_tree.ready_for_next,33.64
tree_instances\[12\].u_tree.frame_id_out\[3\],33.6
tree_instances\[18\].u_tree.tree_state\[0\],33.38
tree_instances\[6\].u_tree.frame_id_out\[3\],33.16
tree_instances\[2\].u_tree.frame_id_out\[3\],33.12
_1397_,32.92
clknet_leaf_47_clk,31.68
_0612_,31.54
tree_instances\[3\].u_tree.frame_id_out\[3\],31.46
_1443_,31.415
_1765_,31.3
tree_instances\[11\].u_tree.frame_id_out\[1\],30.74
tree_instances\[10\].u_tree.frame_id_out\[0\],30.72
_1902_,30.52
tree_instances\[7\].u_tree.frame_id_out\[0\],30.5
_1763_,29.82
tree_instances\[9\].u_tree.frame_id_out\[2\],29.435
_0638_,29.16
tree_instances\[0\].u_tree.frame_id_out\[2\],29.08
_1647_,29
_0616_,28.96
_1665_,28.9
tree_instances\[12\].u_tree.frame_id_out\[0\],28.78
state\[1\],28.66
tree_instances\[8\].u_tree.ready_for_next,28.54
_0624_,28.52
_1550_,28.22
_0602_,28.21
tree_instances\[9\].u_tree.frame_id_out\[0\],27.96
_0684_,27.76
tree_instances\[13\].u_tree.tree_state\[2\],27.68
tree_instances\[14\].u_tree.ready_for_next,27.21
_1925_,27.2
tree_instances\[17\].u_tree.frame_id_out\[1\],27.18
tree_instances\[16\].u_tree.frame_id_out\[0\],27.17
_1231_,27.06
_0862_,26.88
tree_instances\[3\].u_tree.tree_state\[0\],26.81
tree_instances\[17\].u_tree.frame_id_out\[0\],26.7
_1138_,26.66
_1744_,26.36
_0906_,26.35
_1594_,26.24
_1028_,26.22
clknet_leaf_64_clk,26.22
_0730_,26.16
tree_instances\[14\].u_tree.frame_id_out\[3\],25.98
_0614_,25.88
tree_instances\[8\].u_tree.pipeline_valid\[0\],25.785
tree_instances\[4\].u_tree.frame_id_out\[2\],25.73
_1178_,25.68
_1723_,25.68
tree_instances\[5\].u_tree.frame_id_out\[0\],25.5
tree_instances\[15\].u_tree.frame_id_out\[3\],25.48
tree_instances\[18\].u_tree.frame_id_out\[0\],25.34
tree_instances\[1\].u_tree.frame_id_out\[2\],25.34
_0618_,25.24
_1208_,25.06
tree_instances\[1\].u_tree.prediction_valid,25
_1592_,24.88
_0995_,24.86
_0896_,24.73
_1907_,24.5
tree_instances\[13\].u_tree.tree_state\[3\],24.46
tree_instances\[2\].u_tree.frame_id_out\[2\],24.14
tree_instances\[20\].u_tree.frame_id_out\[3\],24.08
tree_instances\[20\].u_tree.ready_for_next,24.05
_1698_,24
_0739_,23.96
tree_instances\[5\].u_tree.frame_id_out\[1\],23.96
complete_votes\[0\],23.8
tree_instances\[14\].u_tree.pipeline_current_node\[0\]\[8\],23.56
tree_instances\[16\].u_tree.frame_id_out\[2\],23.54
tree_instances\[13\].u_tree.pipeline_current_node\[0\]\[8\],23.52
_1501_,23.46
_0959_,23.4
_1914_,23.32
_0644_,23.22
_1880_,23.08
tree_instances\[11\].u_tree.frame_id_out\[2\],23.08
tree_instances\[18\].u_tree.prediction_valid,23.08
tree_instances\[7\].u_tree.pipeline_current_node\[0\]\[1\],23
net5,23
tree_instances\[6\].u_tree.frame_id_out\[1\],22.73
_1960_,22.615
_0844_,22.46
_0634_,22.44
tree_instances\[20\].u_tree.tree_state\[0\],22.32
_0831_,22.3
_0935_,22.2
tree_instances\[6\].u_tree.frame_id_out\[0\],22.17
tree_instances\[17\].u_tree.tree_state\[0\],22.15
_0740_,22.04
tree_instances\[8\].u_tree.frame_id_out\[3\],21.86
tree_instances\[9\].u_tree.frame_id_out\[3\],21.68
_0606_,21.66
tree_instances\[4\].u_tree.tree_state\[0\],21.54
tree_instances\[9\].u_tree.pipeline_valid\[0\],21.46
tree_instances\[6\].u_tree.tree_state\[0\],21.42
_0884_,21.18
_1810_,21.08
_1824_,21.08
_0066_,21.04
tree_instances\[1\].u_tree.frame_id_out\[1\],21
_1027_,20.8
tree_instances\[4\].u_tree.tree_state\[3\],20.76
_1831_,20.49
tree_instances\[10\].u_tree.tree_state\[0\],20.42
tree_instances\[8\].u_tree.frame_id_out\[1\],20.42
tree_instances\[18\].u_tree.frame_id_out\[2\],20.2
_1254_,20.16
tree_instances\[0\].u_tree.tree_state\[0\],20.045
_1895_,19.86
_1353_,19.84
tree_instances\[14\].u_tree.frame_id_out\[2\],19.82
tree_instances\[19\].u_tree.prediction_valid,19.82
_1853_,19.6
_1887_,19.5
tree_instances\[14\].u_tree.frame_id_out\[0\],19.48
tree_instances\[4\].u_tree.tree_state\[2\],19.46
tree_instances\[20\].u_tree.pipeline_current_node\[0\]\[1\],19.34
tree_instances\[13\].u_tree.frame_id_out\[2\],19.2
tree_instances\[5\].u_tree.prediction_valid,19.02
_1685_,18.84
tree_instances\[11\].u_tree.tree_state\[2\],18.81
_1711_,18.78
_0632_,18.62
_0592_,18.6
_1833_,18.57
_1812_,18.54
tree_instances\[5\].u_tree.pipeline_current_node\[0\]\[6\],18.54
net4,18.48
complete_votes\[2\],18.34
tree_instances\[14\].u_tree.pipeline_frame_id\[0\]\[1\],18.34
_0677_,18.14
_0603_,18.12
tree_instances\[0\].u_tree.ready_for_next,18.11
_1692_,18.08
_1803_,18.04
tree_instances\[17\].u_tree.frame_id_out\[3\],17.94
clknet_leaf_34_clk,17.94
tree_instances\[4\].u_tree.pipeline_valid\[0\],17.74
_1437_,17.62
_1677_,17.6
tree_instances\[0\].u_tree.frame_id_in\[1\],17.6
tree_instances\[17\].u_tree.tree_state\[3\],17.6
_1932_,17.56
tree_instances\[20\].u_tree.tree_state\[1\],17.52
_1969_,17.48
_0620_,17.32
_1569_,17.28
_1631_,17.26
tree_instances\[12\].u_tree.frame_id_out\[2\],17.2
_1877_,17.14
_1951_,17.14
tree_instances\[20\].u_tree.pipeline_frame_id\[0\]\[3\],17.14
tree_instances\[9\].u_tree.pipeline_current_node\[0\]\[4\],17.04
tree_instances\[20\].u_tree.pipeline_current_node\[0\]\[7\],17.02
tree_instances\[7\].u_tree.frame_id_out\[2\],17.02
tree_instances\[5\].u_tree.ready_for_next,17.01
tree_instances\[14\].u_tree.tree_state\[2\],16.94
_0795_,16.88
tree_instances\[13\].u_tree.pipeline_current_node\[0\]\[7\],16.8
tree_instances\[11\].u_tree.tree_state\[0\],16.69
_1566_,16.66
tree_instances\[12\].u_tree.tree_state\[3\],16.6
tree_instances\[20\].u_tree.pipeline_frame_id\[0\]\[1\],16.6
_1523_,16.57
tree_instances\[15\].u_tree.pipeline_frame_id\[0\]\[2\],16.56
tree_instances\[3\].u_tree.tree_state\[2\],16.56
_0640_,16.52
_2084_,16.52
tree_instances\[2\].u_tree.prediction_valid,16.52
tree_instances\[14\].u_tree.tree_state\[0\],16.51
_0636_,16.48
tree_instances\[11\].u_tree.pipeline_current_node\[0\]\[7\],16.48
tree_instances\[9\].u_tree.tree_state\[2\],16.42
complete_votes\[4\],16.4
tree_instances\[20\].u_tree.frame_id_out\[2\],16.4
_0579_,16.32
_0585_,16.32
_0642_,16.32
tree_instances\[19\].u_tree.pipeline_frame_id\[0\]\[0\],16.32
_0068_,16.3
tree_instances\[15\].u_tree.tree_state\[1\],16.3
_0521_,16.28
tree_instances\[20\].u_tree.pipeline_current_node\[0\]\[0\],16.28
tree_instances\[5\].u_tree.pipeline_current_node\[0\]\[8\],16.28
tree_instances\[15\].u_tree.frame_id_out\[1\],16.25
tree_instances\[12\].u_tree.frame_id_out\[1\],16.2
tree_instances\[3\].u_tree.tree_state\[3\],16.18
_1805_,16.14
_0687_,16.12
_1603_,16.1
_0700_,16.02
tree_instances\[8\].u_tree.pipeline_frame_id\[0\]\[0\],16.02
_1633_,16
_1546_,15.98
_0084_,15.96
_2025_,15.94
_1596_,15.88
_1915_,15.86
_1795_,15.78
_1352_,15.7
_1500_,15.7
_1587_,15.64
_1882_,15.64
_0429_,15.6
_1871_,15.6
_1686_,15.58
tree_instances\[2\].u_tree.ready_for_next,15.53
_0627_,15.48
tree_instances\[12\].u_tree.pipeline_frame_id\[0\]\[2\],15.48
_1630_,15.4
tree_instances\[13\].u_tree.pipeline_frame_id\[0\]\[0\],15.4
_0049_,15.36
_1868_,15.34
tree_instances\[20\].u_tree.tree_state\[2\],15.3
tree_instances\[16\].u_tree.ready_for_next,15.21
tree_instances\[10\].u_tree.pipeline_frame_id\[0\]\[0\],15.2
tree_instances\[19\].u_tree.pipeline_frame_id\[0\]\[4\],15.2
tree_instances\[8\].u_tree.pipeline_frame_id\[0\]\[2\],15.2
_0887_,15.18
tree_instances\[11\].u_tree.frame_id_out\[0\],15.1
tree_instances\[16\].u_tree.pipeline_frame_id\[0\]\[2\],15.1
tree_instances\[2\].u_tree.tree_state\[0\],15.07
tree_instances\[4\].u_tree.pipeline_frame_id\[0\]\[1\],15.06
tree_instances\[18\].u_tree.pipeline_frame_id\[0\]\[3\],14.98
_1801_,14.94
_1856_,14.92
_1050_,14.86
tree_instances\[18\].u_tree.tree_state\[2\],14.84
tree_instances\[1\].u_tree.frame_id_out\[3\],14.82
tree_instances\[2\].u_tree.pipeline_frame_id\[0\]\[0\],14.74
_1776_,14.6
_1687_,14.56
_0047_,14.54
_1733_,14.54
tree_instances\[12\].u_tree.tree_state\[2\],14.54
_1888_,14.52
_2081_,14.52
_0154_,14.44
tree_instances\[3\].u_tree.pipeline_frame_id\[0\]\[1\],14.42
tree_instances\[7\].u_tree.pipeline_current_node\[0\]\[8\],14.42
_1578_,14.38
tree_instances\[12\].u_tree.pipeline_valid\[0\],14.38
_1560_,14.34
_1678_,14.34
tree_instances\[3\].u_tree.pipeline_frame_id\[0\]\[3\],14.34
tree_instances\[19\].u_tree.pipeline_frame_id\[0\]\[1\],14.3
_1477_,14.18
tree_instances\[1\].u_tree.tree_state\[1\],14.14
_2047_,14.02
_2075_,14.02
tree_instances\[9\].u_tree.tree_state\[0\],14.02
_1626_,13.94
_2151_,13.9
tree_instances\[18\].u_tree.pipeline_valid\[0\],13.9
tree_instances\[8\].u_tree.frame_id_out\[0\],13.88
_1561_,13.84
_1762_,13.84
tree_instances\[0\].u_tree.tree_state\[2\],13.8
tree_instances\[20\].u_tree.pipeline_frame_id\[0\]\[4\],13.74
tree_instances\[8\].u_tree.tree_state\[0\],13.73
_1669_,13.72
_1859_,13.72
tree_instances\[2\].u_tree.pipeline_frame_id\[0\]\[4\],13.68
tree_instances\[4\].u_tree.pipeline_frame_id\[0\]\[0\],13.68
_1582_,13.66
tree_instances\[1\].u_tree.tree_state\[2\],13.62
tree_instances\[2\].u_tree.pipeline_frame_id\[0\]\[1\],13.6
tree_instances\[5\].u_tree.tree_state\[2\],13.6
tree_instances\[18\].u_tree.pipeline_current_node\[0\]\[6\],13.58
tree_instances\[0\].u_tree.pipeline_frame_id\[0\]\[0\],13.57
_2087_,13.56
_1065_,13.5
_1090_,13.5
_1782_,13.5
tree_instances\[16\].u_tree.pipeline_frame_id\[0\]\[3\],13.5
tree_instances\[15\].u_tree.pipeline_current_node\[0\]\[7\],13.48
tree_instances\[2\].u_tree.tree_state\[3\],13.46
_0716_,13.44
_1095_,13.42
tree_instances\[19\].u_tree.tree_state\[3\],13.42
_0921_,13.4
_1053_,13.4
tree_instances\[10\].u_tree.frame_id_out\[2\],13.4
_0824_,13.38
tree_instances\[0\].u_tree.pipeline_current_node\[0\]\[8\],13.38
tree_instances\[9\].u_tree.frame_id_out\[1\],13.38
_0525_,13.28
_1253_,13.26
_2044_,13.26
_1572_,13.24
tree_instances\[13\].u_tree.pipeline_frame_id\[0\]\[4\],13.24
tree_instances\[7\].u_tree.frame_id_out\[1\],13.22
_0438_,13.2
tree_instances\[12\].u_tree.pipeline_current_node\[0\]\[8\],13.2
tree_instances\[12\].u_tree.prediction_valid,13.16
tree_instances\[20\].u_tree.frame_id_out\[1\],13.14
tree_instances\[3\].u_tree.pipeline_frame_id\[0\]\[0\],13.14
tree_instances\[6\].u_tree.pipeline_current_node\[0\]\[3\],13.14
_1140_,13.12
tree_instances\[0\].u_tree.frame_id_out\[4\],13.12
_2064_,13.1
_1715_,13.08
_1862_,13.06
tree_instances\[15\].u_tree.pipeline_current_node\[0\]\[0\],13.06
tree_instances\[18\].u_tree.pipeline_frame_id\[0\]\[0\],13.04
tree_instances\[3\].u_tree.prediction_valid,13.04
_1681_,13.02
_1788_,13
tree_instances\[5\].u_tree.tree_state\[0\],12.99
tree_instances\[7\].u_tree.tree_state\[2\],12.98
tree_instances\[7\].u_tree.prediction_valid,12.96
tree_instances\[14\].u_tree.pipeline_current_node\[0\]\[4\],12.92
tree_instances\[6\].u_tree.tree_state\[3\],12.92
_1704_,12.84
tree_instances\[15\].u_tree.pipeline_frame_id\[0\]\[1\],12.84
_1703_,12.76
_1741_,12.76
tree_instances\[6\].u_tree.pipeline_frame_id\[0\]\[2\],12.76
tree_instances\[0\].u_tree.prediction_valid,12.75
_0053_,12.74
tree_instances\[15\].u_tree.tree_state\[3\],12.72
tree_instances\[8\].u_tree.pipeline_current_node\[0\]\[7\],12.72
_0748_,12.7
tree_instances\[2\].u_tree.tree_state\[2\],12.7
tree_instances\[20\].u_tree.pipeline_current_node\[0\]\[8\],12.68
_0924_,12.64
_0081_,12.62
tree_instances\[11\].u_tree.pipeline_current_node\[0\]\[2\],12.62
tree_instances\[19\].u_tree.frame_id_out\[2\],12.62
_0608_,12.6
_1404_,12.6
_1074_,12.58
tree_instances\[18\].u_tree.pipeline_frame_id\[0\]\[1\],12.56
tree_instances\[4\].u_tree.pipeline_current_node\[0\]\[0\],12.56
_0298_,12.54
_0604_,12.54
_1814_,12.54
_1828_,12.54
_0057_,12.52
_0581_,12.5
_1304_,12.48
_2077_,12.48
tree_instances\[8\].u_tree.frame_id_out\[2\],12.46
tree_instances\[12\].u_tree.pipeline_frame_id\[0\]\[4\],12.44
_1634_,12.38
_1734_,12.38
tree_instances\[12\].u_tree.pipeline_frame_id\[0\]\[3\],12.38
_1345_,12.32
_1775_,12.3
tree_instances\[19\].u_tree.pipeline_current_node\[0\]\[8\],12.3
_1128_,12.26
_1091_,12.24
_0892_,12.2
_1873_,12.18
tree_instances\[17\].u_tree.pipeline_current_node\[0\]\[6\],12.18
_1024_,12.16
_0586_,12.12
tree_instances\[17\].u_tree.pipeline_frame_id\[0\]\[4\],12.12
tree_instances\[18\].u_tree.tree_state\[3\],12.12
_1961_,12.1
_1301_,12.08
tree_instances\[18\].u_tree.pipeline_current_node\[0\]\[1\],12.08
_0134_,12.06
tree_instances\[5\].u_tree.pipeline_frame_id\[0\]\[4\],12.06
_0587_,12.04
_0895_,12.04
_1865_,12.04
_1576_,12.02
_1375_,12
tree_instances\[9\].u_tree.pipeline_frame_id\[0\]\[1\],12
tree_instances\[1\].u_tree.tree_state\[0\],11.98
tree_instances\[5\].u_tree.pipeline_frame_id\[0\]\[0\],11.98
_1060_,11.94
_1349_,11.94
_1962_,11.92
_1277_,11.9
_1726_,11.9
tree_instances\[11\].u_tree.tree_state\[3\],11.88
tree_instances\[16\].u_tree.prediction_valid,11.88
tree_instances\[1\].u_tree.pipeline_current_node\[0\]\[7\],11.88
tree_instances\[8\].u_tree.pipeline_frame_id\[0\]\[4\],11.88
tree_instances\[19\].u_tree.pipeline_valid\[0\],11.84
_1075_,11.8
_1518_,11.8
tree_instances\[8\].u_tree.pipeline_frame_id\[0\]\[3\],11.8
_0599_,11.78
_1171_,11.78
tree_instances\[15\].u_tree.pipeline_frame_id\[0\]\[4\],11.78
tree_instances\[1\].u_tree.pipeline_frame_id\[0\]\[4\],11.78
tree_instances\[16\].u_tree.tree_state\[2\],11.76
tree_instances\[17\].u_tree.pipeline_current_node\[0\]\[8\],11.74
_1926_,11.72
tree_instances\[13\].u_tree.pipeline_valid\[0\],11.72
tree_instances\[5\].u_tree.pipeline_frame_id\[0\]\[3\],11.72
_0998_,11.7
complete_votes\[1\],11.66
tree_instances\[8\].u_tree.tree_state\[2\],11.66
tree_instances\[14\].u_tree.frame_id_out\[1\],11.64
_0439_,11.62
_1613_,11.62
_1011_,11.6
_1838_,11.54
tree_instances\[15\].u_tree.pipeline_current_node\[0\]\[6\],11.54
tree_instances\[4\].u_tree.pipeline_frame_id\[0\]\[3\],11.52
tree_instances\[9\].u_tree.pipeline_current_node\[0\]\[8\],11.5
rst_n,11.48
tree_instances\[0\].u_tree.tree_state\[1\],11.44
_0809_,11.42
tree_instances\[16\].u_tree.pipeline_frame_id\[0\]\[4\],11.42
tree_instances\[1\].u_tree.pipeline_current_node\[0\]\[8\],11.42
tree_instances\[15\].u_tree.tree_state\[2\],11.4
_0244_,11.38
_0333_,11.36
_1934_,11.34
_1995_,11.34
_0928_,11.32
_2076_,11.32
tree_instances\[3\].u_tree.pipeline_valid\[0\],11.32
tree_instances\[20\].u_tree.pipeline_valid\[0\],11.3
tree_instances\[8\].u_tree.tree_state\[1\],11.3
tree_instances\[9\].u_tree.pipeline_frame_id\[0\]\[2\],11.3
tree_instances\[1\].u_tree.pipeline_valid\[0\],11.28
_1340_,11.26
_1874_,11.26
_2070_,11.26
_0306_,11.24
_0669_,11.24
_1214_,11.24
tree_instances\[16\].u_tree.pipeline_frame_id\[0\]\[0\],11.23
_0927_,11.22
_0507_,11.2
_1752_,11.2
tree_instances\[11\].u_tree.pipeline_frame_id\[0\]\[1\],11.2
tree_instances\[14\].u_tree.tree_state\[3\],11.2
tree_instances\[17\].u_tree.pipeline_frame_id\[0\]\[1\],11.2
tree_instances\[19\].u_tree.pipeline_frame_id\[0\]\[2\],11.2
tree_instances\[2\].u_tree.pipeline_frame_id\[0\]\[2\],11.2
_1223_,11.18
_1620_,11.18
_0452_,11.16
_1988_,11.12
tree_instances\[9\].u_tree.pipeline_frame_id\[0\]\[3\],11.1
_1933_,11.04
tree_instances\[10\].u_tree.tree_state\[3\],11.04
tree_instances\[10\].u_tree.pipeline_frame_id\[0\]\[3\],11.02
tree_instances\[11\].u_tree.pipeline_current_node\[0\]\[6\],10.99
_1556_,10.96
_1653_,10.96
_1935_,10.96
_0397_,10.92
tree_instances\[6\].u_tree.pipeline_frame_id\[0\]\[3\],10.92
tree_instances\[2\].u_tree.pipeline_current_node\[0\]\[0\],10.9
_0059_,10.86
_1126_,10.86
tree_instances\[0\].u_tree.pipeline_frame_id\[0\]\[3\],10.86
tree_instances\[6\].u_tree.pipeline_frame_id\[0\]\[4\],10.86
_1680_,10.84
tree_instances\[16\].u_tree.pipeline_valid\[0\],10.84
tree_instances\[5\].u_tree.pipeline_current_node\[0\]\[5\],10.84
_0157_,10.82
_1362_,10.82
_1904_,10.82
_0043_,10.8
tree_instances\[10\].u_tree.pipeline_frame_id\[0\]\[4\],10.8
_1802_,10.78
_1999_,10.74
tree_instances\[11\].u_tree.pipeline_valid\[0\],10.74
tree_instances\[14\].u_tree.pipeline_frame_id\[0\]\[4\],10.74
_1181_,10.72
_1390_,10.72
_1789_,10.72
_1811_,10.72
_1601_,10.715
_1779_,10.7
_1842_,10.7
_1516_,10.66
_1769_,10.66
tree_instances\[11\].u_tree.pipeline_frame_id\[0\]\[0\],10.66
tree_instances\[9\].u_tree.pipeline_frame_id\[0\]\[0\],10.64
_1293_,10.62
_1331_,10.62
tree_instances\[16\].u_tree.pipeline_current_node\[0\]\[2\],10.6
tree_instances\[1\].u_tree.pipeline_current_node\[0\]\[0\],10.6
_1303_,10.58
tree_instances\[10\].u_tree.pipeline_current_node\[0\]\[0\],10.58
tree_instances\[13\].u_tree.tree_state\[1\],10.58
_1773_,10.54
tree_instances\[8\].u_tree.pipeline_frame_id\[0\]\[1\],10.54
_0072_,10.5
tree_instances\[17\].u_tree.tree_state\[2\],10.48
_1289_,10.44
_1286_,10.42
_1326_,10.42
_1735_,10.4
_1826_,10.4
tree_instances\[5\].u_tree.tree_state\[3\],10.38
_1088_,10.34
_0337_,10.3
_2042_,10.28
tree_instances\[10\].u_tree.pipeline_frame_id\[0\]\[2\],10.28
tree_instances\[6\].u_tree.pipeline_frame_id\[0\]\[0\],10.28
_1205_,10.24
_1651_,10.24
_1916_,10.24
tree_instances\[7\].u_tree.tree_state\[1\],10.24
_1314_,10.2
tree_instances\[13\].u_tree.pipeline_current_node\[0\]\[6\],10.2
tree_instances\[15\].u_tree.pipeline_valid\[0\],10.2
_1421_,10.18
tree_instances\[0\].u_tree.pipeline_frame_id\[0\]\[2\],10.18
tree_instances\[11\].u_tree.pipeline_frame_id\[0\]\[2\],10.16
tree_instances\[4\].u_tree.pipeline_frame_id\[0\]\[4\],10.16
tree_instances\[16\].u_tree.pipeline_frame_id\[0\]\[1\],10.14
tree_instances\[7\].u_tree.pipeline_frame_id\[0\]\[4\],10.14
_0766_,10.08
tree_instances\[11\].u_tree.prediction_valid,10.08
tree_instances\[6\].u_tree.tree_state\[2\],10.06
tree_instances\[5\].u_tree.pipeline_frame_id\[0\]\[2\],10.02
_0188_,10
_1188_,9.98
_2125_,9.98
_1968_,9.96
tree_instances\[10\].u_tree.pipeline_current_node\[0\]\[7\],9.96
_1102_,9.94
_1141_,9.94
_1239_,9.94
tree_instances\[10\].u_tree.prediction_valid,9.94
_1864_,9.92
_1911_,9.92
tree_instances\[1\].u_tree.pipeline_frame_id\[0\]\[0\],9.92
_0817_,9.88
_1272_,9.86
_1514_,9.86
_1607_,9.86
_1658_,9.86
_1667_,9.86
_1708_,9.86
_1854_,9.86
_1944_,9.86
tree_instances\[7\].u_tree.pipeline_frame_id\[0\]\[2\],9.86
_0198_,9.84
_1825_,9.84
_2065_,9.84
tree_instances\[15\].u_tree.pipeline_current_node\[0\]\[1\],9.84
_1019_,9.82
_1749_,9.82
_1849_,9.82
tree_instances\[6\].u_tree.prediction_valid,9.82
_1954_,9.78
_1983_,9.78
_2122_,9.78
tree_instances\[14\].u_tree.pipeline_frame_id\[0\]\[3\],9.78
_2007_,9.74
_1135_,9.72
tree_instances\[17\].u_tree.pipeline_frame_id\[0\]\[3\],9.72
_1654_,9.7
tree_instances\[12\].u_tree.pipeline_current_node\[0\]\[3\],9.7
tree_instances\[19\].u_tree.pipeline_frame_id\[0\]\[3\],9.7
tree_instances\[5\].u_tree.pipeline_valid\[0\],9.68
_0815_,9.66
_0833_,9.64
tree_instances\[9\].u_tree.pipeline_frame_id\[0\]\[4\],9.64
tree_instances\[13\].u_tree.prediction_valid,9.63
_1489_,9.62
_1720_,9.62
_1897_,9.62
_1230_,9.58
_1359_,9.58
_1608_,9.58
_1648_,9.58
_1881_,9.58
tree_instances\[0\].u_tree.pipeline_current_node\[0\]\[1\],9.58
tree_instances\[0\].u_tree.pipeline_valid\[0\],9.58
tree_instances\[5\].u_tree.pipeline_current_node\[0\]\[1\],9.58
_0276_,9.52
tree_instances\[12\].u_tree.tree_state\[0\],9.505
_0967_,9.5
_2113_,9.5
tree_instances\[11\].u_tree.pipeline_frame_id\[0\]\[4\],9.5
tree_instances\[3\].u_tree.pipeline_current_node\[0\]\[8\],9.5
_0958_,9.48
_1589_,9.48
_1753_,9.48
_1840_,9.48
tree_instances\[7\].u_tree.pipeline_current_node\[0\]\[7\],9.48
tree_instances\[14\].u_tree.prediction_valid,9.46
tree_instances\[16\].u_tree.tree_state\[0\],9.45
_0965_,9.44
_1066_,9.44
_1093_,9.44
_2069_,9.44
tree_instances\[19\].u_tree.pipeline_current_node\[0\]\[5\],9.44
_0488_,9.4
_0987_,9.4
_0989_,9.4
tree_instances\[12\].u_tree.pipeline_frame_id\[0\]\[1\],9.4
_0826_,9.38
tree_instances\[11\].u_tree.tree_state\[1\],9.38
_0231_,9.36
_0860_,9.36
tree_instances\[7\].u_tree.pipeline_current_node\[0\]\[4\],9.36
_0994_,9.34
_1219_,9.34
_1652_,9.34
_0451_,9.3
_0482_,9.3
_1149_,9.28
_1358_,9.28
_1495_,9.28
_2145_,9.28
tree_instances\[2\].u_tree.pipeline_current_node\[0\]\[3\],9.28
tree_instances\[7\].u_tree.tree_state\[0\],9.27
_1783_,9.26
tree_instances\[16\].u_tree.pipeline_current_node\[0\]\[0\],9.26
_1617_,9.24
tree_instances\[13\].u_tree.pipeline_current_node\[0\]\[4\],9.24
tree_instances\[14\].u_tree.tree_state\[1\],9.24
tree_instances\[8\].u_tree.prediction_valid,9.24
_0816_,9.22
_1202_,9.2
_1946_,9.2
_1624_,9.12
_1625_,9.12
_1844_,9.12
tree_instances\[0\].u_tree.pipeline_frame_id\[0\]\[4\],9.12
tree_instances\[5\].u_tree.pipeline_current_node\[0\]\[0\],9.12
_0492_,9.08
_0781_,9.06
_1281_,9.06
_1659_,9.06
tree_instances\[8\].u_tree.frame_id_out\[4\],9.06
_1426_,9.02
_1487_,9.02
_1026_,9
_1632_,9
tree_instances\[0\].u_tree.tree_state\[3\],9
_1291_,8.98
_1106_,8.96
_2014_,8.96
_1234_,8.94
_1558_,8.94
_1806_,8.94
tree_instances\[2\].u_tree.pipeline_current_node\[0\]\[8\],8.94
_1150_,8.92
_1494_,8.92
_0999_,8.9
_1111_,8.9
_1483_,8.9
_1957_,8.9
tree_instances\[20\].u_tree.pipeline_frame_id\[0\]\[2\],8.9
_1943_,8.88
tree_instances\[0\].u_tree.frame_id_out\[1\],8.86
_1756_,8.84
tree_instances\[5\].u_tree.pipeline_current_node\[0\]\[3\],8.84
_0706_,8.82
_1083_,8.82
tree_instances\[15\].u_tree.pipeline_frame_id\[0\]\[3\],8.82
_1705_,8.8
_1918_,8.8
tree_instances\[17\].u_tree.pipeline_current_node\[0\]\[4\],8.8
tree_instances\[15\].u_tree.prediction_valid,8.79
tree_instances\[0\].u_tree.pipeline_current_node\[0\]\[7\],8.78
tree_instances\[14\].u_tree.pipeline_current_node\[0\]\[3\],8.78
tree_instances\[17\].u_tree.prediction_valid,8.78
tree_instances\[2\].u_tree.pipeline_current_node\[0\]\[4\],8.78
tree_instances\[2\].u_tree.pipeline_frame_id\[0\]\[3\],8.76
tree_instances\[12\].u_tree.pipeline_frame_id\[0\]\[0\],8.72
_0893_,8.7
_1341_,8.7
tree_instances\[7\].u_tree.pipeline_frame_id\[0\]\[0\],8.7
_0167_,8.685
_0538_,8.68
_1675_,8.66
_2058_,8.66
tree_instances\[8\].u_tree.pipeline_current_node\[0\]\[4\],8.66
_0544_,8.62
_0564_,8.62
_1760_,8.62
_2079_,8.62
_0190_,8.6
_0955_,8.6
_0979_,8.6
_1540_,8.6
_1786_,8.6
_1567_,8.58
_1766_,8.58
tree_instances\[1\].u_tree.pipeline_current_node\[0\]\[3\],8.58
_0523_,8.56
_0588_,8.56
_1194_,8.56
_1251_,8.56
_1259_,8.56
_1581_,8.56
tree_instances\[6\].u_tree.pipeline_valid\[0\],8.56
tree_instances\[2\].u_tree.pipeline_valid\[0\],8.5
_1456_,8.48
_1475_,8.48
tree_instances\[13\].u_tree.pipeline_frame_id\[0\]\[2\],8.48
tree_instances\[16\].u_tree.pipeline_current_node\[0\]\[1\],8.48
tree_instances\[17\].u_tree.pipeline_current_node\[0\]\[7\],8.48
tree_instances\[19\].u_tree.pipeline_current_node\[0\]\[1\],8.48
net3,8.48
tree_instances\[16\].u_tree.pipeline_current_node\[0\]\[8\],8.46
_0932_,8.44
_0980_,8.44
_1172_,8.44
_1346_,8.44
_1585_,8.44
_1664_,8.44
tree_instances\[10\].u_tree.frame_id_out\[1\],8.44
tree_instances\[13\].u_tree.pipeline_frame_id\[0\]\[3\],8.44
tree_instances\[4\].u_tree.pipeline_current_node\[0\]\[6\],8.44
_0218_,8.405
_1829_,8.4
_0137_,8.36
tree_instances\[0\].u_tree.frame_id_in\[2\],8.36
tree_instances\[6\].u_tree.pipeline_frame_id\[0\]\[1\],8.36
_0580_,8.34
_0707_,8.34
tree_instances\[10\].u_tree.pipeline_valid\[0\],8.34
tree_instances\[10\].u_tree.tree_state\[2\],8.34
_0938_,8.32
_1736_,8.32
tree_instances\[19\].u_tree.pipeline_current_node\[0\]\[0\],8.32
tree_instances\[6\].u_tree.pipeline_current_node\[0\]\[8\],8.32
_0611_,8.3
tree_instances\[15\].u_tree.pipeline_frame_id\[0\]\[0\],8.3
_1688_,8.275
_0307_,8.26
_0605_,8.26
_1655_,8.26
_1912_,8.26
tree_instances\[20\].u_tree.pipeline_frame_id\[0\]\[0\],8.26
_1545_,8.24
_0786_,8.22
tree_instances\[1\].u_tree.pipeline_frame_id\[0\]\[1\],8.22
tree_instances\[10\].u_tree.tree_state\[1\],8.16
prediction_valid,8.15
_0067_,8.14
_0234_,8.14
_1120_,8.14
_1706_,8.14
tree_instances\[16\].u_tree.pipeline_current_node\[0\]\[4\],8.14
_1757_,8.12
_2011_,8.12
_0145_,8.1
_1069_,8.1
_1212_,8.1
tree_instances\[8\].u_tree.tree_state\[3\],8.1
_1427_,8.08
_0082_,8.06
_1571_,8.06
_0934_,8.04
_1010_,8.04
_1604_,8.04
ready_for_next,8.03
_0734_,8.02
_0973_,8.02
_1006_,8.02
_1041_,8.02
_1224_,8.02
_2033_,8.02
_2074_,8.02
tree_instances\[6\].u_tree.pipeline_current_node\[0\]\[0\],8.02
tree_instances\[11\].u_tree.ready_for_next,8.015
_0360_,8
_0045_,7.98
_0269_,7.98
_0510_,7.98
_0524_,7.98
_1042_,7.98
_1170_,7.98
_1308_,7.98
_1394_,7.98
_1778_,7.98
_2003_,7.98
_0338_,7.94
_1039_,7.94
_1180_,7.94
_1189_,7.94
_1529_,7.94
_1796_,7.92
_1148_,7.9
_1386_,7.9
_1557_,7.9
tree_instances\[16\].u_tree.pipeline_current_node\[0\]\[7\],7.9
tree_instances\[18\].u_tree.pipeline_current_node\[0\]\[7\],7.9
tree_instances\[13\].u_tree.tree_state\[0\],7.89
_1910_,7.88
tree_instances\[18\].u_tree.pipeline_frame_id\[0\]\[2\],7.88
_1528_,7.86
tree_instances\[7\].u_tree.pipeline_frame_id\[0\]\[1\],7.84
_0033_,7.82
_0054_,7.82
_1695_,7.82
_0172_,7.8
tree_instances\[11\].u_tree.pipeline_frame_id\[0\]\[3\],7.78
_0256_,7.76
_0450_,7.76
tree_instances\[17\].u_tree.pipeline_valid\[0\],7.76
_1642_,7.74
_0750_,7.68
_1235_,7.68
_1460_,7.68
_0194_,7.66
_0460_,7.66
_1497_,7.66
_1498_,7.66
_1584_,7.66
_1758_,7.66
_1850_,7.66
tree_instances\[19\].u_tree.tree_state\[2\],7.66
tree_instances\[1\].u_tree.pipeline_current_node\[0\]\[6\],7.66
tree_instances\[6\].u_tree.pipeline_current_node\[0\]\[5\],7.66
_0274_,7.64
_1070_,7.64
_1100_,7.64
_1134_,7.64
_1469_,7.64
tree_instances\[10\].u_tree.pipeline_current_node\[0\]\[2\],7.64
tree_instances\[2\].u_tree.pipeline_current_node\[0\]\[1\],7.64
tree_instances\[3\].u_tree.pipeline_frame_id\[0\]\[2\],7.64
tree_instances\[5\].u_tree.pipeline_frame_id\[0\]\[1\],7.64
_0058_,7.6
_0922_,7.6
_1094_,7.6
_1492_,7.6
feature_valid,7.59
_1321_,7.58
_2012_,7.58
_2038_,7.58
_0215_,7.56
_1123_,7.56
_1129_,7.56
_1213_,7.56
_1318_,7.56
_1917_,7.56
tree_instances\[13\].u_tree.pipeline_frame_id\[0\]\[1\],7.56
tree_instances\[14\].u_tree.pipeline_frame_id\[0\]\[2\],7.56
tree_instances\[9\].u_tree.pipeline_current_node\[0\]\[0\],7.56
tree_instances\[6\].u_tree.pipeline_current_node\[0\]\[2\],7.54
tree_instances\[6\].u_tree.pipeline_current_node\[0\]\[7\],7.54
_0870_,7.52
_0897_,7.52
_0950_,7.52
_0956_,7.52
_1238_,7.52
_1851_,7.52
_1869_,7.52
_1098_,7.5
_1885_,7.5
_1759_,7.48
_0864_,7.46
_1061_,7.46
_1290_,7.46
_0820_,7.44
_1218_,7.44
_1455_,7.44
tree_instances\[9\].u_tree.tree_state\[1\],7.44
_0676_,7.42
_1612_,7.42
tree_instances\[1\].u_tree.pipeline_frame_id\[0\]\[3\],7.42
_0294_,7.4
_1886_,7.4
tree_instances\[17\].u_tree.pipeline_frame_id\[0\]\[2\],7.4
_0120_,7.34
_1671_,7.34
_0344_,7.32
_0802_,7.32
_1086_,7.32
_1312_,7.32
_1570_,7.32
_1855_,7.32
_1971_,7.32
_0900_,7.3
_0688_,7.28
_1863_,7.28
tree_instances\[18\].u_tree.pipeline_current_node\[0\]\[3\],7.28
_0855_,7.27
tree_instances\[12\].u_tree.pipeline_current_node\[0\]\[4\],7.24
_0074_,7.22
_0946_,7.22
_0991_,7.22
_1313_,7.22
_1410_,7.22
_1418_,7.22
_1468_,7.22
_1573_,7.22
_1697_,7.22
_2023_,7.22
_2115_,7.22
_2120_,7.22
tree_instances\[7\].u_tree.pipeline_current_node\[0\]\[3\],7.22
_0724_,7.2
_1730_,7.2
_1751_,7.2
tree_instances\[19\].u_tree.pipeline_current_node\[0\]\[2\],7.2
_0080_,7.18
_0444_,7.18
_1099_,7.18
_1244_,7.18
_1348_,7.18
_1568_,7.18
_1965_,7.18
_2129_,7.18
tree_instances\[15\].u_tree.pipeline_current_node\[0\]\[5\],7.18
tree_instances\[17\].u_tree.pipeline_frame_id\[0\]\[0\],7.18
_1436_,7.16
_0584_,7.14
_0717_,7.14
_1076_,7.1
_1228_,7.1
_1445_,7.1
_1541_,7.1
_1785_,7.1
_1822_,7.1
tree_instances\[0\].u_tree.pipeline_current_node\[0\]\[0\],7.1
_0119_,7.06
_0327_,7.06
_0348_,7.06
_0529_,7.06
_0659_,7.06
_1429_,7.06
_1534_,7.06
_1622_,7.06
_1821_,7.06
_1852_,7.06
_2163_,7.06
_1945_,7
tree_instances\[14\].u_tree.pipeline_valid\[0\],7
tree_instances\[19\].u_tree.tree_state\[1\],6.99
_0424_,6.98
_0874_,6.98
_0889_,6.98
_1044_,6.98
_1175_,6.98
_1275_,6.98
_1413_,6.98
_1689_,6.98
_1953_,6.98
_1890_,6.96
tree_instances\[18\].u_tree.pipeline_frame_id\[0\]\[4\],6.96
tree_instances\[8\].u_tree.pipeline_current_node\[0\]\[6\],6.94
_0875_,6.92
_1690_,6.92
frame_id_out[1],6.89
frame_id_out[3],6.89
_0261_,6.88
_0346_,6.88
_0941_,6.88
_1817_,6.88
_0339_,6.865
_0139_,6.86
_1243_,6.86
_2156_,6.86
_0335_,6.84
_1598_,6.84
tree_instances\[6\].u_tree.tree_state\[1\],6.84
_0858_,6.82
tree_instances\[11\].u_tree.pipeline_current_node\[0\]\[8\],6.82
_0023_,6.8
_1931_,6.8
_0117_,6.78
_0065_,6.76
_0454_,6.76
_1089_,6.76
_1220_,6.76
_1261_,6.76
_1262_,6.76
_1270_,6.76
_1488_,6.76
_1519_,6.76
_2111_,6.76
_0822_,6.74
tree_instances\[10\].u_tree.pipeline_current_node\[0\]\[1\],6.74
tree_instances\[14\].u_tree.pipeline_current_node\[0\]\[2\],6.74
_0094_,6.72
_0552_,6.72
_0625_,6.72
_0774_,6.72
_0951_,6.72
_1009_,6.72
_1021_,6.72
_1104_,6.72
_1166_,6.72
_1193_,6.72
_1367_,6.72
_1457_,6.72
_1476_,6.72
_1722_,6.72
tree_instances\[9\].u_tree.pipeline_current_node\[0\]\[6\],6.72
_0428_,6.7
_1130_,6.66
_0350_,6.64
_0595_,6.64
_0923_,6.64
_0942_,6.64
_1420_,6.64
_2073_,6.64
tree_instances\[15\].u_tree.pipeline_current_node\[0\]\[4\],6.64
tree_instances\[17\].u_tree.tree_state\[1\],6.64
tree_instances\[7\].u_tree.pipeline_frame_id\[0\]\[3\],6.64
tree_instances\[4\].u_tree.pipeline_current_node\[0\]\[8\],6.62
_0060_,6.6
_0656_,6.6
_0784_,6.6
_1226_,6.6
_1278_,6.6
_1602_,6.6
_2024_,6.6
_2089_,6.6
_2093_,6.6
tree_instances\[7\].u_tree.pipeline_current_node\[0\]\[2\],6.6
_0746_,6.58
_0898_,6.58
_0352_,6.565
frame_id_out[0],6.55
frame_id_out[2],6.55
frame_id_out[4],6.55
_0607_,6.54
_1588_,6.54
_0505_,6.525
_0758_,6.52
_1901_,6.52
_2032_,6.52
tree_instances\[18\].u_tree.pipeline_current_node\[0\]\[8\],6.52
_1401_,6.48
_1764_,6.46
tree_instances\[9\].u_tree.ready_for_next,6.45
_0168_,6.42
_1660_,6.42
_0122_,6.405
_0977_,6.4
_1909_,6.4
_1947_,6.4
tree_instances\[20\].u_tree.prediction_valid,6.4
tree_instances\[7\].u_tree.pipeline_current_node\[0\]\[5\],6.4
_0617_,6.38
_1772_,6.38
_1714_,6.36
_1884_,6.36
_0279_,6.32
_1329_,6.32
_1638_,6.32
_0061_,6.3
_0355_,6.3
_0449_,6.3
_0621_,6.3
_1344_,6.3
_1351_,6.3
_1372_,6.3
_1392_,6.3
_1465_,6.3
_1830_,6.3
_1845_,6.3
_1976_,6.3
_1993_,6.3
_2030_,6.3
tree_instances\[12\].u_tree.tree_state\[1\],6.3
tree_instances\[4\].u_tree.pipeline_current_node\[0\]\[1\],6.3
tree_instances\[15\].u_tree.tree_state\[0\],6.29
_0069_,6.26
_0140_,6.26
_0393_,6.26
_0992_,6.26
_1023_,6.26
_1336_,6.26
_1673_,6.26
tree_instances\[14\].u_tree.pipeline_frame_id\[0\]\[0\],6.26
_0192_,6.205
_1207_,6.2
_1732_,6.2
_0719_,6.18
_1008_,6.18
_1116_,6.18
_1137_,6.18
_1342_,6.18
_1347_,6.18
_1542_,6.18
_1996_,6.18
tree_instances\[10\].u_tree.pipeline_frame_id\[0\]\[1\],6.18
tree_instances\[11\].u_tree.pipeline_current_node\[0\]\[0\],6.18
tree_instances\[13\].u_tree.pipeline_current_node\[0\]\[2\],6.18
tree_instances\[3\].u_tree.tree_state\[1\],6.18
_0108_,6.16
_0890_,6.16
_1816_,6.16
_0641_,6.14
_0827_,6.14
_0970_,6.14
_1143_,6.14
_1196_,6.14
_1333_,6.14
_1381_,6.14
_1391_,6.14
_1405_,6.14
_1784_,6.14
_1799_,6.14
_1878_,6.14
_1896_,6.14
tree_instances\[18\].u_tree.pipeline_current_node\[0\]\[5\],6.14
_1858_,6.08
_0540_,6.06
_0849_,6.06
_0903_,6.06
_1350_,6.06
tree_instances\[18\].u_tree.tree_state\[1\],6.06
tree_instances\[20\].u_tree.pipeline_current_node\[0\]\[6\],6.06
_0590_,6.04
_0738_,6.04
_1591_,6.04
_0326_,6.02
_1001_,6.02
tree_instances\[0\].u_tree.frame_id_in\[0\],6.02
tree_instances\[20\].u_tree.frame_id_out\[0\],6.02
_0735_,5.98
_0102_,5.96
_0148_,5.96
_0463_,5.96
_0619_,5.96
_1276_,5.96
_0577_,5.94
_1446_,5.94
_1530_,5.94
_1679_,5.94
_1755_,5.94
_1879_,5.94
tree_instances\[0\].u_tree.pipeline_frame_id\[0\]\[1\],5.94
tree_instances\[11\].u_tree.pipeline_current_node\[0\]\[5\],5.94
tree_instances\[14\].u_tree.pipeline_current_node\[0\]\[1\],5.94
tree_instances\[19\].u_tree.pipeline_current_node\[0\]\[7\],5.94
tree_instances\[9\].u_tree.pipeline_current_node\[0\]\[3\],5.935
_0530_,5.92
_1794_,5.92
_1683_,5.86
_0041_,5.84
_0220_,5.84
_0358_,5.84
_0436_,5.84
_0556_,5.84
_0583_,5.84
_0589_,5.84
_0768_,5.84
_0839_,5.84
_0952_,5.84
_1037_,5.84
_1174_,5.84
_1328_,5.84
_1414_,5.84
_1938_,5.84
_1977_,5.84
_2150_,5.84
tree_instances\[18\].u_tree.frame_id_out\[3\],5.84
tree_instances\[18\].u_tree.pipeline_current_node\[0\]\[2\],5.82
tree_instances\[19\].u_tree.tree_state\[0\],5.82
_0170_,5.8
_1003_,5.8
_1005_,5.8
_1012_,5.8
_1173_,5.8
_1184_,5.8
_1356_,5.8
_1527_,5.8
_1702_,5.8
_1790_,5.8
_2000_,5.8
_2022_,5.8
_2036_,5.8
_2098_,5.8
tree_instances\[10\].u_tree.pipeline_current_node\[0\]\[4\],5.8
tree_instances\[17\].u_tree.pipeline_current_node\[0\]\[3\],5.8
tree_instances\[7\].u_tree.pipeline_current_node\[0\]\[6\],5.8
_0229_,5.74
_0574_,5.74
_0902_,5.74
_1395_,5.74
_0404_,5.72
_0974_,5.72
_1033_,5.72
_1258_,5.72
_1537_,5.72
_1808_,5.72
_2006_,5.72
_2137_,5.72
tree_instances\[0\].u_tree.pipeline_current_node\[0\]\[2\],5.72
tree_instances\[14\].u_tree.pipeline_current_node\[0\]\[5\],5.72
tree_instances\[3\].u_tree.pipeline_current_node\[0\]\[5\],5.72
_1147_,5.68
_1256_,5.68
_1280_,5.68
_1503_,5.68
_1505_,5.68
_1637_,5.68
_2005_,5.68
_0131_,5.6
_0295_,5.6
_0613_,5.6
_0835_,5.6
_0978_,5.6
_1237_,5.6
_1600_,5.6
_1771_,5.6
_2048_,5.6
tree_instances\[3\].u_tree.pipeline_current_node\[0\]\[4\],5.6
tree_instances\[7\].u_tree.pipeline_current_node\[0\]\[0\],5.6
tree_instances\[7\].u_tree.pipeline_valid\[0\],5.6
_0722_,5.58
_1330_,5.58
_1635_,5.58
tree_instances\[16\].u_tree.tree_state\[1\],5.58
_0485_,5.56
_0551_,5.56
tree_instances\[20\].u_tree.pipeline_current_node\[0\]\[5\],5.56
_0106_,5.5
_0110_,5.5
_0130_,5.5
_0319_,5.5
_0328_,5.5
_0469_,5.5
_1906_,5.5
tree_instances\[3\].u_tree.pipeline_frame_id\[0\]\[4\],5.5
_0859_,5.48
_0908_,5.48
_0985_,5.48
tree_instances\[10\].u_tree.pipeline_current_node\[0\]\[8\],5.48
_0178_,5.46
_0230_,5.46
_0380_,5.46
_0411_,5.46
_0534_,5.46
_0854_,5.46
_0841_,5.45
_0742_,5.42
_1052_,5.4
_1062_,5.4
_1526_,5.4
_1866_,5.4
_0814_,5.385
_0079_,5.38
_0096_,5.38
_0260_,5.38
_0417_,5.38
_0628_,5.38
_0729_,5.38
_0745_,5.38
_1136_,5.38
_1142_,5.38
_1160_,5.38
_1415_,5.38
_1543_,5.38
_1580_,5.38
_1903_,5.38
_2102_,5.38
_2104_,5.38
tree_instances\[16\].u_tree.pipeline_current_node\[0\]\[3\],5.38
tree_instances\[16\].u_tree.pipeline_current_node\[0\]\[6\],5.38
tree_instances\[19\].u_tree.pipeline_current_node\[0\]\[3\],5.38
tree_instances\[20\].u_tree.pipeline_current_node\[0\]\[2\],5.38
_2114_,5.36
tree_instances\[3\].u_tree.pipeline_current_node\[0\]\[6\],5.36
_0281_,5.34
_0663_,5.34
_0805_,5.34
_0990_,5.34
_1068_,5.34
_1125_,5.34
_1266_,5.34
_1298_,5.34
_1438_,5.34
_2013_,5.34
_2019_,5.34
_2043_,5.34
_2085_,5.34
_2121_,5.34
tree_instances\[15\].u_tree.pipeline_current_node\[0\]\[3\],5.34
tree_instances\[5\].u_tree.tree_state\[1\],5.34
tree_instances\[8\].u_tree.pipeline_current_node\[0\]\[0\],5.34
net14,5.29
_0968_,5.28
_2110_,5.28
_0318_,5.26
_0692_,5.26
_0699_,5.26
_0834_,5.26
_0846_,5.26
_1151_,5.26
_1229_,5.26
_1472_,5.26
_1481_,5.26
_1645_,5.26
_1727_,5.26
_1975_,5.26
_1982_,5.26
_2008_,5.26
_2094_,5.26
_2100_,5.26
tree_instances\[6\].u_tree.pipeline_current_node\[0\]\[4\],5.26
tree_instances\[8\].u_tree.pipeline_current_node\[0\]\[5\],5.26
_0479_,5.24
_0752_,5.22
_0767_,5.22
_1113_,5.22
_1227_,5.22
_1263_,5.22
_1273_,5.22
_1295_,5.22
_1368_,5.22
_1402_,5.22
_1406_,5.22
_1452_,5.22
_1480_,5.22
_1484_,5.22
_1609_,5.22
_1875_,5.22
_1876_,5.22
_1956_,5.22
_1992_,5.22
_2088_,5.22
_2119_,5.22
tree_instances\[12\].u_tree.pipeline_current_node\[0\]\[5\],5.22
tree_instances\[4\].u_tree.pipeline_current_node\[0\]\[4\],5.22
_0832_,5.16
_1611_,5.16
_1700_,5.16
_0070_,5.14
_0169_,5.14
_0343_,5.14
_0511_,5.14
_0879_,5.14
_1504_,5.14
_1717_,5.14
_0320_,5.1
_0680_,5.1
_1522_,5.07
_1510_,5.06
_0105_,5.04
_0211_,5.04
_0409_,5.04
_0503_,5.04
_0549_,5.04
_0635_,5.04
_1564_,5.04
_1800_,5.04
_1921_,5.04
_2092_,5.04
_0398_,5.02
_0303_,5
_0383_,5
_0384_,5
_0044_,4.97
_0071_,4.94
_0314_,4.94
_0531_,4.94
_1057_,4.94
_1459_,4.94
tree_instances\[19\].u_tree.pipeline_current_node\[0\]\[4\],4.94
_0003_,4.92
_0027_,4.92
_0092_,4.92
_0200_,4.92
_0418_,4.92
_0440_,4.92
_0546_,4.92
_0548_,4.92
_0560_,4.92
_0981_,4.92
_1045_,4.92
_1183_,4.92
_1309_,4.92
_1513_,4.92
_1538_,4.92
_1691_,4.92
_1738_,4.92
_1813_,4.92
_1987_,4.92
_2009_,4.92
_2027_,4.92
_2103_,4.92
_2141_,4.92
tree_instances\[12\].u_tree.pipeline_current_node\[0\]\[7\],4.92
tree_instances\[20\].u_tree.pipeline_current_node\[0\]\[4\],4.92
tree_instances\[3\].u_tree.pipeline_current_node\[0\]\[2\],4.92
tree_instances\[5\].u_tree.pipeline_current_node\[0\]\[2\],4.92
_0891_,4.9
_1282_,4.9
tree_instances\[8\].u_tree.pipeline_current_node\[0\]\[8\],4.9
tree_instances\[9\].u_tree.pipeline_current_node\[0\]\[2\],4.9
_0056_,4.88
_0250_,4.88
_0759_,4.88
_0842_,4.88
_0888_,4.88
_0909_,4.88
_0914_,4.88
_0915_,4.88
_0920_,4.88
_0944_,4.88
_1016_,4.88
_1035_,4.88
_1046_,4.88
_1186_,4.88
_1453_,4.88
_1463_,4.88
_1532_,4.88
_1535_,4.88
_1547_,4.88
_1841_,4.88
_1952_,4.88
_1967_,4.88
_1986_,4.88
_1989_,4.88
_2052_,4.88
_2086_,4.88
_2123_,4.88
_2128_,4.88
tree_instances\[1\].u_tree.pipeline_frame_id\[0\]\[2\],4.88
tree_instances\[9\].u_tree.pipeline_current_node\[0\]\[7\],4.88
_1002_,4.86
_0953_,4.82
_1319_,4.82
_1471_,4.82
_1496_,4.82
_1731_,4.82
_1740_,4.82
_2131_,4.82
tree_instances\[17\].u_tree.pipeline_current_node\[0\]\[0\],4.82
_0091_,4.8
_0151_,4.8
_0313_,4.8
_0771_,4.8
_0775_,4.8
_0785_,4.8
_0939_,4.8
_1048_,4.8
_1110_,4.8
_1419_,4.8
_1559_,4.8
_1980_,4.8
_2149_,4.8
tree_instances\[17\].u_tree.frame_id_out\[2\],4.8
tree_instances\[17\].u_tree.pipeline_current_node\[0\]\[1\],4.8
tree_instances\[3\].u_tree.pipeline_current_node\[0\]\[3\],4.8
tree_instances\[5\].u_tree.pipeline_current_node\[0\]\[7\],4.8
_1867_,4.78
tree_instances\[4\].u_tree.pipeline_current_node\[0\]\[5\],4.78
_0342_,4.765
_0277_,4.76
_0600_,4.76
_0910_,4.76
_1079_,4.76
_1117_,4.76
_1191_,4.76
_1257_,4.76
_1305_,4.76
_1621_,4.76
_1696_,4.76
_1870_,4.76
_2116_,4.76
_2147_,4.76
_0426_,4.725
_2109_,4.7
_0332_,4.68
_1252_,4.68
_1606_,4.68
_1639_,4.68
_1861_,4.68
_0666_,4.6
_0718_,4.6
_0848_,4.6
_0982_,4.6
_0086_,4.58
_0162_,4.58
_0420_,4.58
_0422_,4.58
_0442_,4.58
_0462_,4.58
_0508_,4.58
_0533_,4.58
_0639_,4.58
_0800_,4.58
_1672_,4.58
_2099_,4.56
tree_instances\[10\].u_tree.pipeline_current_node\[0\]\[5\],4.56
_0147_,4.54
_0242_,4.54
_0496_,4.54
_0514_,4.54
net16,4.54
_0150_,4.505
_0407_,4.48
_0502_,4.48
_0698_,4.48
_1482_,4.48
_1586_,4.48
tree_instances\[13\].u_tree.pipeline_current_node\[0\]\[0\],4.48
tree_instances\[2\].u_tree.tree_state\[1\],4.48
_0019_,4.46
_0090_,4.46
_0187_,4.46
_0196_,4.46
_0266_,4.46
_0391_,4.46
_0399_,4.46
_0401_,4.46
_0403_,4.46
_0432_,4.46
_0478_,4.46
_0591_,4.46
_0901_,4.46
_0945_,4.46
_1133_,4.46
_1206_,4.46
_1287_,4.46
_1302_,4.46
_1339_,4.46
_1433_,4.46
_1533_,4.46
_1583_,4.46
_2056_,4.46
_2091_,4.46
tree_instances\[4\].u_tree.tree_state\[1\],4.46
_0792_,4.44
_0118_,4.42
_0280_,4.42
_0880_,4.42
_0894_,4.42
_1190_,4.42
_1236_,4.42
_1299_,4.42
_1325_,4.42
_1378_,4.42
_1461_,4.42
_1462_,4.42
_1661_,4.42
_1777_,4.42
_1883_,4.42
_1973_,4.42
_2026_,4.42
_2060_,4.42
_2097_,4.42
_2106_,4.42
_2108_,4.42
_2118_,4.42
_0582_,4.36
_0948_,4.36
_1265_,4.36
_1285_,4.36
tree_instances\[13\].u_tree.pipeline_current_node\[0\]\[5\],4.36
tree_instances\[2\].u_tree.pipeline_current_node\[0\]\[6\],4.36
_0132_,4.34
_1073_,4.34
_1176_,4.34
_1204_,4.34
_1746_,4.34
_2057_,4.34
_2062_,4.34
_0176_,4.305
_0331_,4.305
_0797_,4.24
_0812_,4.24
_0099_,4.22
_0156_,4.22
_0535_,4.22
_1942_,4.22
_1195_,4.2
_1662_,4.2
_0357_,4.145
_1725_,4.14
_1857_,4.14
_0174_,4.12
_0217_,4.12
_0259_,4.12
_0286_,4.12
_0301_,4.12
_0341_,4.12
_0375_,4.12
_0414_,4.12
_0461_,4.12
tree_instances\[3\].u_tree.pipeline_current_node\[0\]\[1\],4.12
_0536_,4.1
_1819_,4.1
tree_instances\[12\].u_tree.pipeline_current_node\[0\]\[0\],4.1
tree_instances\[16\].u_tree.tree_state\[3\],4.1
tree_instances\[14\].u_tree.pipeline_current_node\[0\]\[6\],4.095
_0251_,4.08
_0374_,4.08
_0537_,4.08
_0633_,4.08
_1743_,4.08
_0448_,4.045
_0323_,4.02
_0412_,4.02
_0749_,4.02
_0787_,4.02
_1067_,4.02
_1292_,4.02
_1297_,4.02
_1431_,4.02
_1563_,4.02
_1940_,4.02
_1941_,4.02
_2046_,4.02
_2068_,4.02
_2101_,4.02
_2155_,4.02
tree_instances\[4\].u_tree.pipeline_current_node\[0\]\[7\],4.02
_0097_,4
_0136_,4
_0146_,4
_0467_,4
_0515_,4
_0578_,4
_0731_,4
_0737_,4
_0751_,4
_0983_,4
_0988_,4
_1267_,4
_1284_,4
_1288_,4
_1316_,4
_1424_,4
_1440_,4
_1441_,4
_1712_,4
_1737_,4
_1748_,4
_1899_,4
_1949_,4
_2020_,4
_2067_,4
_2144_,4
tree_instances\[0\].u_tree.frame_id_in\[3\],4
tree_instances\[10\].u_tree.pipeline_current_node\[0\]\[6\],4
tree_instances\[12\].u_tree.pipeline_current_node\[0\]\[2\],4
tree_instances\[9\].u_tree.pipeline_current_node\[0\]\[1\],4
_1792_,3.995
_0208_,3.98
_0865_,3.9
_1164_,3.9
_1364_,3.9
_1373_,3.9
_1393_,3.9
_1900_,3.9
_1905_,3.9
_2135_,3.9
_0419_,3.88
_0561_,3.88
_0597_,3.88
_0711_,3.88
_0763_,3.88
_0778_,3.88
_0798_,3.88
_0971_,3.88
_1014_,3.88
_1387_,3.88
_1430_,3.88
_1509_,3.88
_1605_,3.88
tree_instances\[1\].u_tree.pipeline_current_node\[0\]\[4\],3.88
tree_instances\[6\].u_tree.pipeline_current_node\[0\]\[1\],3.88
tree_instances\[6\].u_tree.pipeline_current_node\[0\]\[6\],3.88
_0368_,3.845
_0377_,3.845
_0109_,3.84
_0881_,3.84
_0789_,3.78
_0878_,3.78
_0367_,3.76
_0490_,3.76
_1719_,3.76
_0760_,3.74
_0321_,3.685
_0340_,3.685
_1380_,3.68
_0001_,3.66
_0015_,3.66
_0087_,3.66
_0088_,3.66
_0115_,3.66
_0197_,3.66
_0232_,3.66
_0291_,3.66
_0315_,3.66
_0324_,3.66
_0386_,3.66
_0427_,3.66
_0456_,3.66
_0495_,3.66
_0512_,3.66
_0513_,3.66
_0522_,3.66
_0562_,3.66
_0568_,3.66
_0845_,3.66
_1403_,3.64
_0861_,3.6
_0213_,3.56
_0396_,3.56
_0506_,3.56
_0519_,3.56
_0796_,3.56
_0868_,3.56
_1809_,3.56
_1955_,3.56
tree_instances\[14\].u_tree.pipeline_current_node\[0\]\[0\],3.56
_0039_,3.54
_0063_,3.54
_0075_,3.54
_0083_,3.54
_0095_,3.54
_0116_,3.54
_0207_,3.54
_0293_,3.54
_0296_,3.54
_0435_,3.54
_0459_,3.54
_0470_,3.54
_0481_,3.54
_0545_,3.54
_0563_,3.54
_0840_,3.54
_0904_,3.54
_0957_,3.54
_1216_,3.54
_1247_,3.54
_1310_,3.54
_1324_,3.54
_1361_,3.54
_1388_,3.54
_1449_,3.54
_2112_,3.54
current_voting_frame\[1\],3.54
tree_instances\[0\].u_tree.pipeline_current_node\[0\]\[4\],3.54
tree_instances\[3\].u_tree.pipeline_current_node\[0\]\[7\],3.54
_0576_,3.44
_0761_,3.44
_1013_,3.44
_1369_,3.44
_1416_,3.44
_1539_,3.44
_1590_,3.44
_2096_,3.44
_2130_,3.44
tree_instances\[11\].u_tree.pipeline_current_node\[0\]\[4\],3.44
_0055_,3.42
_0098_,3.42
_0209_,3.42
_0601_,3.42
_0652_,3.42
_0806_,3.42
_0836_,3.42
_0850_,3.42
_0916_,3.42
_1103_,3.42
_1118_,3.42
_1122_,3.42
_1225_,3.42
_1525_,3.42
_1747_,3.42
tree_instances\[17\].u_tree.pipeline_current_node\[0\]\[2\],3.42
tree_instances\[18\].u_tree.pipeline_current_node\[0\]\[0\],3.42
_0747_,3.415
_1618_,3.32
tree_instances\[4\].u_tree.pipeline_frame_id\[0\]\[2\],3.32
_0240_,3.3
_0363_,3.3
_0464_,3.3
tree_instances\[20\].u_tree.tree_state\[3\],3.3
_0615_,3.22
_0857_,3.22
_1486_,3.22
_1787_,3.22
_1798_,3.22
_0021_,3.2
_0031_,3.2
_0093_,3.2
_0141_,3.2
_0189_,3.2
_0226_,3.2
_0253_,3.2
_0304_,3.2
_0370_,3.2
_0371_,3.2
_0431_,3.2
_0441_,3.2
_0443_,3.2
_0497_,3.2
_0499_,3.2
_0542_,3.2
_0637_,3.2
_1551_,3.14
_0077_,3.1
_0472_,3.1
_0539_,3.1
_0575_,3.1
_0598_,3.1
_0917_,3.1
_0933_,3.1
_0976_,3.1
_1000_,3.1
_1055_,3.1
_1072_,3.1
_1097_,3.1
_1156_,3.1
_1159_,3.1
_1233_,3.1
_1320_,3.1
_1337_,3.1
_1485_,3.1
_1565_,3.1
_1676_,3.1
_1920_,3.1
_2002_,3.1
_2063_,3.1
tree_instances\[14\].u_tree.pipeline_current_node\[0\]\[7\],3.1
tree_instances\[1\].u_tree.pipeline_current_node\[0\]\[2\],3.1
_0011_,3.08
_0037_,3.08
_0046_,3.08
_0078_,3.08
_0144_,3.08
_0191_,3.08
_0222_,3.08
_0245_,3.08
_0254_,3.08
_0262_,3.08
_0265_,3.08
_0309_,3.08
_0310_,3.08
_0369_,3.08
_0379_,3.08
_0390_,3.08
_0516_,3.08
_0755_,3.08
_0810_,3.08
_0811_,3.08
_0877_,3.08
_0966_,3.08
_1157_,3.08
_1197_,3.08
_1198_,3.08
_1448_,3.08
_1699_,3.08
_1721_,3.08
_1847_,3.08
_1898_,3.08
_1923_,3.08
_1963_,3.08
tree_instances\[0\].u_tree.pipeline_current_node\[0\]\[3\],3.08
tree_instances\[0\].u_tree.pipeline_current_node\[0\]\[6\],3.08
tree_instances\[13\].u_tree.pipeline_current_node\[0\]\[1\],3.08
tree_instances\[15\].u_tree.pipeline_current_node\[0\]\[2\],3.08
tree_instances\[4\].u_tree.pipeline_current_node\[0\]\[2\],3.08
_0073_,2.98
_0112_,2.98
_0743_,2.98
_0929_,2.98
_1250_,2.98
_1366_,2.98
_1517_,2.98
_1848_,2.98
_0048_,2.96
_0153_,2.96
_0693_,2.96
_0770_,2.96
_0804_,2.96
_0818_,2.96
_0954_,2.96
_1043_,2.96
_1108_,2.96
_1412_,2.96
_1467_,2.96
_1479_,2.96
_1531_,2.96
_1636_,2.96
_1693_,2.96
_1804_,2.96
_1959_,2.96
_2148_,2.96
tree_instances\[2\].u_tree.pipeline_current_node\[0\]\[2\],2.96
tree_instances\[2\].u_tree.pipeline_current_node\[0\]\[5\],2.96
_0543_,2.925
_0851_,2.92
_0372_,2.86
_1709_,2.86
_0183_,2.84
_0457_,2.84
_0547_,2.84
_0863_,2.84
_0076_,2.76
_0121_,2.76
_0708_,2.76
_0838_,2.76
_1396_,2.76
_1499_,2.76
_1728_,2.76
_1950_,2.76
_0029_,2.74
_0051_,2.74
_0100_,2.74
_0104_,2.74
_0133_,2.74
_0135_,2.74
_0163_,2.74
_0180_,2.74
_0201_,2.74
_0204_,2.74
_0223_,2.74
_0233_,2.74
_0239_,2.74
_0246_,2.74
_0285_,2.74
_0330_,2.74
_0336_,2.74
_0347_,2.74
_0356_,2.74
_0365_,2.74
_0402_,2.74
_0471_,2.74
_0473_,2.74
_0480_,2.74
_0494_,2.74
_0500_,2.74
_0813_,2.74
_0715_,2.72
_0744_,2.72
_0776_,2.72
_0017_,2.64
_0125_,2.64
_0166_,2.64
_0171_,2.64
_0225_,2.64
_0228_,2.64
_0258_,2.64
_0387_,2.64
_0408_,2.64
_0416_,2.64
_0465_,2.64
_0474_,2.64
_0475_,2.64
_0484_,2.64
_0487_,2.64
_0498_,2.64
_0559_,2.64
_0594_,2.64
_0596_,2.64
_0913_,2.64
_1158_,2.64
_1377_,2.64
_1435_,2.64
_1439_,2.64
_1447_,2.64
_1797_,2.64
_1913_,2.64
_1928_,2.64
_2066_,2.64
_2132_,2.64
_2133_,2.64
_2146_,2.64
_2153_,2.64
current_voting_frame\[4\],2.64
_0013_,2.62
_0159_,2.62
_0221_,2.62
_0238_,2.62
_0243_,2.62
_0248_,2.62
_0270_,2.62
_0334_,2.62
_0434_,2.62
_0445_,2.62
_0458_,2.62
_0526_,2.62
_0528_,2.62
_0566_,2.62
_0725_,2.62
_0803_,2.62
_0963_,2.62
_1032_,2.62
_1081_,2.62
_1146_,2.62
_1222_,2.62
_1311_,2.62
_1382_,2.62
_1383_,2.62
_1466_,2.62
_1521_,2.62
_1694_,2.62
_1707_,2.62
_1745_,2.62
_1815_,2.62
_2082_,2.62
tree_instances\[16\].u_tree.pipeline_current_node\[0\]\[5\],2.62
tree_instances\[20\].u_tree.pipeline_current_node\[0\]\[3\],2.62
_0790_,2.52
_0931_,2.52
_0969_,2.52
_1040_,2.52
_1109_,2.52
_1145_,2.52
_1242_,2.52
_1246_,2.52
_1271_,2.52
_1317_,2.52
_1370_,2.52
_1425_,2.52
_1434_,2.52
_1450_,2.52
_1473_,2.52
_1490_,2.52
_1493_,2.52
_1610_,2.52
_1641_,2.52
_1774_,2.52
_2039_,2.52
_2050_,2.52
_2061_,2.52
_2095_,2.52
_2138_,2.52
tree_instances\[1\].u_tree.pipeline_current_node\[0\]\[1\],2.52
_0113_,2.5
_0184_,2.5
_0354_,2.5
_0709_,2.5
_0819_,2.5
_0943_,2.5
_0993_,2.5
_1274_,2.5
_1300_,2.5
_1334_,2.5
_1360_,2.5
_1506_,2.5
_1511_,2.5
_1515_,2.5
_1553_,2.5
_1562_,2.5
_1619_,2.5
_1892_,2.5
_1894_,2.5
_1964_,2.5
_1966_,2.5
tree_instances\[0\].u_tree.pipeline_current_node\[0\]\[5\],2.5
tree_instances\[8\].u_tree.pipeline_current_node\[0\]\[2\],2.5
tree_instances\[9\].u_tree.prediction_valid,2.5
_0468_,2.465
_2001_,2.4
tree_instances\[13\].u_tree.pipeline_current_node\[0\]\[3\],2.4
_0257_,2.38
_0433_,2.38
_0453_,2.305
_0052_,2.3
_0623_,2.3
_0753_,2.3
_0823_,2.3
_0869_,2.3
_1058_,2.3
_1407_,2.3
_0062_,2.28
_0127_,2.28
_0128_,2.28
_0158_,2.28
_0164_,2.28
_0165_,2.28
_0186_,2.28
_0199_,2.28
_0202_,2.28
_0214_,2.28
_0235_,2.28
_0236_,2.28
_0241_,2.28
_0263_,2.28
_0273_,2.28
_0278_,2.28
_0289_,2.28
_0299_,2.28
_0316_,2.28
_0366_,2.28
_0381_,2.28
_0382_,2.28
_0400_,2.28
_0421_,2.28
_0489_,2.28
_0493_,2.28
_0517_,2.28
_0557_,2.28
_0631_,2.28
_1958_,2.28
_0476_,2.205
_0005_,2.18
_0089_,2.18
_0101_,2.18
_0107_,2.18
_0149_,2.18
_0152_,2.18
_0155_,2.18
_0173_,2.18
_0175_,2.18
_0177_,2.18
_0179_,2.18
_0181_,2.18
_0182_,2.18
_0185_,2.18
_0203_,2.18
_0206_,2.18
_0237_,2.18
_0264_,2.18
_0267_,2.18
_0271_,2.18
_0275_,2.18
_0292_,2.18
_0297_,2.18
_0302_,2.18
_0311_,2.18
_0317_,2.18
_0322_,2.18
_0329_,2.18
_0345_,2.18
_0349_,2.18
_0353_,2.18
_0359_,2.18
_0361_,2.18
_0362_,2.18
_0392_,2.18
_0394_,2.18
_0395_,2.18
_0405_,2.18
_0410_,2.18
_0413_,2.18
_0425_,2.18
_0437_,2.18
_0466_,2.18
_0477_,2.18
_0483_,2.18
_0491_,2.18
_0504_,2.18
_0532_,2.18
_0541_,2.18
_0553_,2.18
_0555_,2.18
_0609_,2.18
_0643_,2.18
_0713_,2.18
_1030_,2.18
_1049_,2.18
_1161_,2.18
_1203_,2.18
_1240_,2.18
_1241_,2.18
_1296_,2.18
_1643_,2.18
_1682_,2.18
_1860_,2.18
_1924_,2.18
_2041_,2.18
tree_instances\[17\].u_tree.pipeline_current_node\[0\]\[5\],2.18
tree_instances\[19\].u_tree.pipeline_current_node\[0\]\[6\],2.18
_0007_,2.16
_0050_,2.16
_0085_,2.16
_0111_,2.16
_0126_,2.16
_0205_,2.16
_0219_,2.16
_0252_,2.16
_0283_,2.16
_0288_,2.16
_0308_,2.16
_0373_,2.16
_0376_,2.16
_0378_,2.16
_0406_,2.16
_0430_,2.16
_0446_,2.16
_0455_,2.16
_0501_,2.16
_0509_,2.16
_0554_,2.16
_0558_,2.16
_0573_,2.16
_0622_,2.16
_0762_,2.16
_0783_,2.16
_0788_,2.16
_0799_,2.16
_0867_,2.16
_1022_,2.16
_1036_,2.16
_1200_,2.16
_1363_,2.16
_1614_,2.16
_1656_,2.16
_1718_,2.16
_1919_,2.16
_1929_,2.16
_2017_,2.16
_2018_,2.16
_2080_,2.16
tree_instances\[8\].u_tree.pipeline_current_node\[0\]\[3\],2.16
tree_instances\[9\].u_tree.pipeline_current_node\[0\]\[5\],2.16
_0593_,2.06
_0769_,2.06
_0847_,2.06
_0907_,2.06
_0949_,2.06
_0972_,2.06
_1007_,2.06
_1015_,2.06
_1017_,2.06
_1020_,2.06
_1025_,2.06
_1092_,2.06
_1127_,2.06
_1221_,2.06
_1269_,2.06
_1279_,2.06
_1283_,2.06
_1343_,2.06
_1371_,2.06
_1389_,2.06
_1428_,2.06
_1628_,2.06
_1650_,2.06
_1713_,2.06
_1820_,2.06
_1974_,2.06
_1978_,2.06
_1997_,2.06
_2015_,2.06
_2031_,2.06
_2034_,2.06
_2035_,2.06
_2072_,2.06
_2107_,2.06
_2143_,2.06
_2154_,2.06
_2160_,2.06
_2162_,2.06
tree_instances\[11\].u_tree.pipeline_current_node\[0\]\[3\],2.06
_0272_,2.04
_0385_,2.04
_0705_,2.04
_0710_,2.04
_0821_,2.04
_0937_,2.04
_0947_,2.04
_1034_,2.04
_1154_,2.04
_1248_,2.04
_1335_,2.04
_1629_,2.04
_1640_,2.04
_1927_,2.04
_1981_,2.04
_2083_,2.04
tree_instances\[15\].u_tree.pipeline_current_node\[0\]\[8\],2.04
tree_instances\[5\].u_tree.pipeline_current_node\[0\]\[4\],2.04
_0064_,2
_0828_,1.94
_0779_,1.88
_0255_,1.845
_0626_,1.84
_0629_,1.84
_0683_,1.84
_0829_,1.84
_0830_,1.84
_0866_,1.84
_1187_,1.84
_1217_,1.84
_1615_,1.84
_1623_,1.84
_1823_,1.84
_1846_,1.84
_0035_,1.82
_0103_,1.82
_0114_,1.82
_0123_,1.82
_0124_,1.82
_0129_,1.82
_0138_,1.82
_0142_,1.82
_0143_,1.82
_0161_,1.82
_0216_,1.82
_0224_,1.82
_0227_,1.82
_0249_,1.82
_0364_,1.82
_0389_,1.82
_0486_,1.82
_0565_,1.82
_0247_,1.745
_0727_,1.72
_0837_,1.72
_0856_,1.72
_1112_,1.72
_1593_,1.72
_1724_,1.72
_1836_,1.72
_1939_,1.72
tree_instances\[12\].u_tree.pipeline_current_node\[0\]\[6\],1.72
tree_instances\[18\].u_tree.pipeline_current_node\[0\]\[4\],1.72
tree_instances\[1\].u_tree.pipeline_current_node\[0\]\[5\],1.72
tree_instances\[4\].u_tree.pipeline_current_node\[0\]\[3\],1.72
_0160_,1.7
_0305_,1.7
_0388_,1.7
_0415_,1.7
_0423_,1.7
_0520_,1.7
_0550_,1.7
_0679_,1.7
_0736_,1.7
_0873_,1.7
_0886_,1.7
_1201_,1.7
_1781_,1.7
_1937_,1.7
_2040_,1.7
current_voting_frame\[2\],1.7
tree_instances\[2\].u_tree.pipeline_current_node\[0\]\[7\],1.7
tree_instances\[3\].u_tree.pipeline_current_node\[0\]\[0\],1.7
net7,1.7
_0777_,1.61
_0570_,1.6
_0984_,1.6
_0986_,1.6
_1085_,1.6
_1087_,1.6
_1114_,1.6
_1132_,1.6
_1144_,1.6
_1163_,1.6
_1169_,1.6
_1245_,1.6
_1268_,1.6
_1322_,1.6
_1474_,1.6
_1520_,1.6
_1674_,1.6
_1710_,1.6
_1716_,1.6
_1990_,1.6
_1991_,1.6
_2071_,1.6
_2157_,1.6
_0210_,1.54
_0282_,1.54
_0668_,1.46
_0728_,1.38
_0801_,1.38
_0918_,1.38
_0940_,1.38
_0964_,1.38
_0997_,1.38
_1004_,1.38
_1031_,1.38
_1063_,1.38
_1105_,1.38
_1119_,1.38
_1121_,1.38
_1155_,1.38
_1182_,1.38
_1185_,1.38
_1210_,1.38
_1211_,1.38
_1215_,1.38
_1355_,1.38
_1357_,1.38
_1374_,1.38
_1379_,1.38
_1384_,1.38
_1385_,1.38
_1400_,1.38
_1508_,1.38
_1739_,1.38
_1742_,1.38
_1948_,1.38
_2045_,1.38
_0009_,1.36
_0025_,1.36
_0195_,1.36
_0212_,1.36
_0268_,1.36
_0284_,1.36
_0287_,1.36
_0300_,1.36
_0312_,1.36
_0325_,1.36
_0351_,1.36
_0447_,1.36
_0518_,1.36
_0527_,1.36
_0567_,1.36
_0670_,1.26
_0899_,1.26
_0905_,1.26
_1555_,1.26
_1657_,1.26
_1922_,1.26
_2090_,1.26
_2105_,1.26
_2124_,1.26
_2134_,1.26
tree_instances\[10\].u_tree.pipeline_current_node\[0\]\[3\],1.26
_0571_,1.14
_0572_,1.14
_0780_,1.14
_0793_,1.14
_0883_,1.14
_0926_,1.14
_0930_,1.14
_0962_,1.14
_0975_,1.14
_1018_,1.14
_1047_,1.14
_1051_,1.14
_1056_,1.14
_1059_,1.14
_1064_,1.14
_1071_,1.14
_1080_,1.14
_1082_,1.14
_1084_,1.14
_1107_,1.14
_1131_,1.14
_1152_,1.14
_1153_,1.14
_1167_,1.14
_1177_,1.14
_1199_,1.14
_1249_,1.14
_1260_,1.14
_1306_,1.14
_1307_,1.14
_1315_,1.14
_1365_,1.14
_1409_,1.14
_1411_,1.14
_1417_,1.14
_1422_,1.14
_1423_,1.14
_1451_,1.14
_1454_,1.14
_1458_,1.14
_1470_,1.14
_1491_,1.14
_1512_,1.14
_1536_,1.14
_1599_,1.14
_1616_,1.14
_1701_,1.14
_1754_,1.14
_1767_,1.14
_1780_,1.14
_1807_,1.14
_1818_,1.14
_1837_,1.14
_1839_,1.14
_1843_,1.14
_1930_,1.14
_1972_,1.14
_1979_,1.14
_1985_,1.14
_2004_,1.14
_2010_,1.14
_2016_,1.14
_2029_,1.14
_2037_,1.14
_2049_,1.14
_2051_,1.14
_2053_,1.14
_2054_,1.14
_2055_,1.14
_2059_,1.14
_2078_,1.14
_2117_,1.14
_2126_,1.14
_2127_,1.14
_2140_,1.14
_2142_,1.14
_2152_,1.14
_2158_,1.14
_2159_,1.14
_0193_,1.085
_0290_,1.085
_0876_,1.02
_0723_,0.92
_0754_,0.92
_0872_,0.92
_1077_,0.92
_1264_,0.92
_1408_,0.92
_1791_,0.92
_1835_,0.92
_0569_,0.8
_0741_,0.8
_1115_,0.8
_1323_,0.8
_1327_,0.8
_1432_,0.8
_1442_,0.8
_1768_,0.8
_1984_,0.8
_1994_,0.8
_1998_,0.8
_2021_,0.8
_2028_,0.8
_2136_,0.8
_2139_,0.8
_2161_,0.8
tree_instances\[11\].u_tree.pipeline_current_node\[0\]\[1\],0.8
tree_instances\[12\].u_tree.pipeline_current_node\[0\]\[1\],0.8
tree_instances\[4\].u_tree.prediction_valid,0.8
tree_instances\[8\].u_tree.pipeline_current_node\[0\]\[1\],0.8
_0681_,0.46
_0732_,0.46
_0794_,0.46
_0919_,0.46
_0961_,0.46
_1038_,0.46
_1078_,0.46
_1101_,0.46
_1338_,0.46
_1464_,0.46
_1507_,0.46
_1663_,0.46
_1761_,0.46
